"job_id","job_title","job_location","job_schedule_type","salary_year_avg","job_posted_date","company_name"
226942,"Data Analyst","Anywhere","Full-time","650000.0","2023-02-20","Mantys"
547382,"Director of Analytics","Anywhere","Full-time","336500.0","2023-08-23","Meta"
552322,"Associate Director- Data Insights","Anywhere","Full-time","255829.5","2023-06-18","AT&T"
99305,"Data Analyst, Marketing","Anywhere","Full-time","232423.0","2023-12-05","Pinterest Job Advertisements"
1021647,"Data Analyst (Hybrid/Remote)","Anywhere","Full-time","217000.0","2023-01-17","Uclahealthcareers"
168310,"Principal Data Analyst (Remote)","Anywhere","Full-time","205000.0","2023-08-09","SmartAsset"
731368,"Director, Data Analyst - HYBRID","Anywhere","Full-time","189309.0","2023-12-07","Inclusively"
310660,"Principal Data Analyst, AV Performance Analysis","Anywhere","Full-time","189000.0","2023-01-05","Motional"
1749593,"Principal Data Analyst","Anywhere","Full-time","186000.0","2023-07-11","SmartAsset"
387860,"ERM Data Analyst","Anywhere","Full-time","184000.0","2023-06-09","Get It Recruit - Information Technology"
1781684,"DTCC Data Analyst","Anywhere","Full-time","170000.0","2023-10-06","Robert Half"
987523,"Azure Data Python Consultant - contract to HIRE - Citizen or Perm...","Anywhere","Contractor","170000.0","2023-01-23","Kelly Science, Engineering, Technology & Telecom"
1352513,"REMOTE Director of Data Analytics","Anywhere","Full-time","170000.0","2023-08-09","A-Line Staffing Solutions"
1525451,"Manager, Data Analyst","Anywhere","Full-time","167000.0","2023-04-18","Uber"
1246069,"Data Analyst","Anywhere","Full-time","165000.0","2023-12-08","Plexus Resource Solutions"
712473,"Data Analyst","Anywhere","Full-time","165000.0","2023-08-14","Get It Recruit - Information Technology"
1423236,"Principal Data Science Analyst- Remote","Anywhere","Full-time","164746.0","2023-01-13","Mayo Clinic"
1799883,"Principal Data Science Analyst- Remote","Anywhere","Full-time","164746.0","2023-04-14","Mayo Clinic"
618890,"Principal Data Intelligence Analyst - Cardiac - Remote","Anywhere","Full-time","163500.0","2023-09-20","CEDARS-SINAI"
918213,"Senior - Data Analyst","Anywhere","Full-time","160515.0","2023-06-14","DIRECTV"
182813,"Principal Data Analyst","Anywhere","Full-time","160000.0","2023-10-13","Get It Recruit - Information Technology"
475626,"Principal Data Analyst","Anywhere","Full-time","160000.0","2023-02-02","Realtime Recruitment"
783771,"SQL DEVELOPER / DATA ANALYST (Insurance industry Experience) ...","Anywhere","Full-time","160000.0","2023-01-30","Robert Half"
266799,"Applied Scientist - Maps","Anywhere","Full-time","157500.0","2023-10-13","Uber"
485388,"System Data Analyst","Anywhere","","157500.0","2023-07-17","Edgewater Federal Solutions, Inc."
25761,"Data Analyst - Remote","Anywhere","Full-time","155485.5","2023-09-01","CaptivateIQ"
105157,"Lead Data Analyst","Anywhere","Full-time","155000.0","2023-01-05","Motion Recruitment"
795614,"Staff Business Data Analyst (Remote U.S. OK)","Anywhere","Full-time","152625.0","2023-03-11","Zscaler"
565646,"Staff Business Data Analyst (Remote U.S. OK)","Anywhere","Full-time","152625.0","2023-03-07","Zscaler"
540057,"Lead Data Analyst, Growth (Remote)","Anywhere","Full-time","152500.0","2023-03-24","Rocket Money"
72957,"Management & Program Analyst (Data Analytics)","Anywhere","Full-time and Part-time","152221.5","2023-09-11","US Patent and Trademark Office"
456042,"Data Analyst","Anywhere","Full-time","151500.0","2023-09-25","Get It Recruit - Healthcare"
591850,"Mid-Level Data BI Analyst","Anywhere","Full-time","150000.0","2023-07-17","Patterned Learning AI"
73304,"Mid-Level Data Analyst","Anywhere","Full-time","150000.0","2023-07-05","Patterned Learning AI"
1402149,"Lead Data Analyst - Retirement Product Management","Anywhere","Full-time","148238.5","2023-05-09","Edward Jones"
1694004,"Manager - Data Analyst","Anywhere","Full-time","147285.0","2023-10-23","EXL Service"
712558,"Data Scientist Analyst","Anywhere","Full-time","145000.0","2023-02-13","ALTA IT Services"
1329162,"Data Analyst - up to 160K+","Anywhere","Full-time","145000.0","2023-04-18","Hire With Jarvis"
405581,"Data Analyst","Anywhere","Full-time","145000.0","2023-05-01","CyberCoders"
479485,"Data Analyst","Anywhere","Full-time","145000.0","2023-03-15","Level"
1275642,"Lead Data Analyst","Anywhere","Full-time","144481.5","2023-01-28","Edward Jones"
149006,"People Data Analyst","Anywhere","Full-time","140500.0","2023-07-31","Insight Global"
1090975,"Data Analyst","Anywhere","Full-time","140500.0","2023-03-24","Uber"
1049000,"Sr. Data Analyst","Anywhere","Full-time","140000.0","2023-07-17","Sisense"
208403,"Data Manager","Anywhere","Full-time","140000.0","2023-01-26","Insight Global"
1392859,"Product Data Analyst","Anywhere","Full-time","140000.0","2023-02-14","Motion Recruitment"
762220,"Qlik/Power BI Data Analyst | $130K-$150K + ESOP |100% USA-Remote","Anywhere","Full-time","140000.0","2023-01-03","IT Pros"
1300702,"Data Analyst (Product Data Analyst)","Anywhere","Full-time","139000.0","2023-08-04","Revolut"
388392,"Digital Marketing Data Analyst (Hybrid)","Anywhere","Full-time","138640.0","2023-08-13","United Services Automobile Association"
1482852,"Data Analyst","Anywhere","Full-time","138500.0","2023-11-23","Overmind"
350382,"Lead I - Power BI Data Analyst","Anywhere","Full-time","138000.0","2023-10-13","Get It Recruit - Information Technology"
835092,"Secret Data Analyst Remote / Telecommute Jobs","Anywhere","Contractor","137500.0","2023-10-20","Insight Global, Inc."
740073,"Data Analytics Manager","Anywhere","Full-time","137000.0","2023-07-28","WhiteCrow"
1326467,"Data Analyst","Anywhere","Full-time","135000.0","2023-06-26","EPIC Brokers"
777802,"Lead Data Analyst / SQL Developer","Anywhere","Full-time","135000.0","2023-10-13","Robert Half"
513988,"Data Analyst - Advanced Analytics","Anywhere","Full-time","135000.0","2023-08-27","Get It Recruit - Hospitality"
479965,"Data Analyst","Anywhere","Full-time","135000.0","2023-02-26","InvestM Technology LLC"
990420,"Data Insights Analyst III","Anywhere","Full-time","132500.0","2023-12-12","Get It Recruit - Information Technology"
262837,"Quantitative Scientist (Remote)","Anywhere","Full-time","132500.0","2023-01-28","Osmind"
311931,"Data Analyst III","Anywhere","Full-time","132500.0","2023-09-16","SoftDev Incorporated"
1686779,"Data Insights Manager","Anywhere","Full-time","130000.0","2023-12-09","Get It Recruit - Information Technology"
1209798,"Data Analyst","Anywhere","Full-time","130000.0","2023-05-08","Doximity"
447569,"Lead Data Analyst","Anywhere","Full-time","130000.0","2023-05-03","Kforce Technology Staffing"
1531276,"System Data Analyst","Anywhere","Full-time","130000.0","2023-04-11","Alpha Silicon"
92703,"Sr. Data Analyst","Anywhere","Full-time","130000.0","2023-09-19","Launch Consulting Group"
21451,"Data Analyst must have telecom domain experince","Anywhere","Contractor","130000.0","2023-04-28","ApTask"
1566076,"Manager, Data Analytics (Bioscience) - Remote","Anywhere","Full-time","129000.0","2023-09-19","Lonza"
1148444,"Data Analyst","Anywhere","Full-time","127000.0","2023-06-22","Acorns"
1791785,"Marketing Data Analyst (Remote)","Anywhere","Full-time","127000.0","2023-03-09","Cash App"
592669,"Behavioral Health Data Analyst- REMOTE","Anywhere","Full-time","126452.0","2023-07-25","ICF"
502626,"Sr Data Analyst, Consultant - Client Facing - Remote","Anywhere","Full-time","126000.0","2023-02-25","UnitedHealth Group"
116211,"Sr Data Analyst - Remote","Anywhere","Full-time","126000.0","2023-08-31","UnitedHealthcare"
1735665,"Mid-Level Decision Science Analyst","Anywhere","Full-time","125930.0","2023-10-01","USAA"
748965,"Strategy and Data Analyst, Sustainability","Anywhere","Full-time","125500.0","2023-12-14","Uber"
300502,"Healthcare Data Analyst","Anywhere","Full-time","125000.0","2023-08-18","Get It Recruit - Real Estate"
595967,"Data Science Analyst 2 (Pop Health)","Anywhere","Full-time","125000.0","2023-01-11","Starbridge Partners"
900945,"Data Analyst","Anywhere","Full-time","125000.0","2023-12-27","The Walt Disney Company"
285447,"Data Analyst","Anywhere","Full-time","125000.0","2023-05-26","Robert Half"
400967,"Healthcare Data Analyst (Manager)- $120,000-130,000/yr | Remote in PST","Anywhere","Full-time","125000.0","2023-08-21","PWR Staffing & Recruiting"
1229773,"Manager, Data Analytics & Reporting - Remote","Anywhere","Full-time","125000.0","2023-03-14","Infinity Consulting Solutions, Inc."
1551308,"Investment Data and Analytics Manager","Anywhere","Full-time","125000.0","2023-12-12","Get It Recruit - Information Technology"
1216840,"Data Analyst, Operations (Remote)","Anywhere","Full-time","125000.0","2023-02-01","hims & hers"
1682817,"Data Analyst: regional physical security","Anywhere","Full-time","124500.0","2023-05-27","Blackstone Consulting, Inc."
821092,"Data Analyst, Support Operations","Anywhere","Full-time","124000.0","2023-02-17","Cloudflare"
970857,"Senior Clinical Data Manager/Analyst II","Anywhere","Full-time","123249.5","2023-06-19","Exact Sciences Corporation"
631753,"Data Analytics Manager","Anywhere","Full-time","123000.0","2023-07-30","Get It Recruit - Information Technology"
596565,"Lead Analyst - Data Analytics - Remote","Anywhere","Full-time","122769.0","2023-08-31","ICF"
238020,"Business Data Analyst with SQL (Strong)","Anywhere","Full-time","122500.0","2023-06-19","Innova Solutions"
841943,"Financial Data Analyst","Anywhere","Full-time","122500.0","2023-07-01","Get It Recruit - Finance"
1015777,"Decision Science Analyst - Consumer Lending","Anywhere","Full-time","122500.0","2023-01-20","Analytic Recruiting Inc."
298860,"Sales Ops Data Analyst (Austin, TX or Remote)","Anywhere","Full-time","122000.0","2023-08-01","Cloudflare"
426033,"Sales Ops Data Analyst (Remote)","Anywhere","Full-time","122000.0","2023-08-01","CloudFlare"
587198,"Data Architect","Anywhere","Full-time","120000.0","2023-07-18","Motion Recruitment"
236172,"Data Analytics Analyst","Anywhere","Full-time","120000.0","2023-11-04","Get It Recruit - Information Technology"
946582,"Senior Financial and Data Analyst | Hybrid Schedule","Anywhere","Full-time","120000.0","2023-09-18","Jobot"
1611348,"Lifeforce: Data Analyst (Remote)","Anywhere","Full-time","120000.0","2023-04-17","M13"
1191992,"Business Data Analyst","Anywhere","Contractor","120000.0","2023-04-04","Robert Half"
999820,"Business Intelligence Data Analyst","Anywhere","Full-time","120000.0","2023-11-29","LAI"
1132443,"Risk Data Analyst","Anywhere","Full-time","119908.0","2023-06-20","US Development Finance Corporation (formerly Overseas Private Investment Corporation)"
446029,"Data Analyst - Predictive Modeling","Anywhere","Full-time","119200.0","2023-06-09","CVS Health"
876656,"Data Analyst","Anywhere","Full-time","119200.0","2023-03-25","CVS Health"
945180,"Data Analyst","Anywhere","Full-time","117713.0","2023-11-13","Get It Recruit - Healthcare"
685438,"Data Analyst","Anywhere","Full-time","117500.0","2023-09-12","Jobot"
1124418,"Lead Data Analyst","Anywhere","Full-time","117500.0","2023-12-28","Get It Recruit - Information Technology"
436153,"Lead Data Analyst / SQL Developer","Anywhere","Full-time","117500.0","2023-12-27","Robert Half"
131427,"Data Analyst","Anywhere","Full-time","117000.0","2023-11-12","Get It Recruit - Information Technology"
16358,"BI Data Analyst IV","Anywhere","Full-time","115791.5","2023-01-06","Kern Health Systems"
1788827,"Data Analyst","Anywhere","Full-time","115791.5","2023-04-14","Kern Health Systems"
1574716,"BI Data Analyst IV","Anywhere","Full-time","115791.5","2023-01-05","Kern Health Systems"
1139755,"Data Analyst","Anywhere","Full-time","115000.0","2023-06-01","Lighthouse Professional Services"
728112,"Data Analyst- REMOTE","Anywhere","Full-time","115000.0","2023-05-08","General Dynamics Information Technology"
357990,"Data Analyst","Anywhere","Full-time","115000.0","2023-01-19","Robert Half"
198747,"Business Data Analyst","Anywhere","Contractor","115000.0","2023-02-07","Robert Half"
156483,"Data/Information Architect","Anywhere","Full-time","115000.0","2023-07-06","Robert Half"
1403108,"Data Analyst","Anywhere","Full-time","115000.0","2023-12-24","Get It Recruit - Information Technology"
24351,"Data Analyst","Anywhere","Full-time","115000.0","2023-04-21","ManyPets"
1772547,"QNXT/TriZetto Data Analyst","Anywhere","Full-time","115000.0","2023-01-11","Medasource"
945577,"Behavioral Health Data Analyst","Anywhere","Full-time","114956.5","2023-10-24","ICF"
467403,"Healthcare Analytics Expert","Anywhere","Full-time","114948.0","2023-08-13","Get It Recruit - Healthcare"
857003,"Behavioral Health Data Analyst","Anywhere","Full-time","114805.0","2023-09-22","ICF"
1566879,"Data Analyst, Global Business Development","Anywhere","Full-time","114000.0","2023-11-01","Uber"
1354909,"Technical Business/Data Analyst (REMOTE)","Anywhere","Full-time","113500.0","2023-03-21","GEICO"
248219,"Data Analyst, Customer Success (Chicago, IL or Remote)","Anywhere","Full-time","112850.0","2023-09-16","Square"
236397,"Data Analyst","Anywhere","Full-time","112661.0","2023-07-29","Get It Recruit - Healthcare"
84928,"Experian Data Analyst Remote / Telecommute Jobs","Anywhere","Full-time","112500.0","2023-01-03","Seneca Resources, LLC"
71065,"Data Analyst Remote / Telecommute Jobs","Anywhere","Full-time","112500.0","2023-11-21","Paratus Solutions LLC"
185960,"Data Analyst","Anywhere","Full-time","112500.0","2023-12-03","Get It Recruit - Information Technology"
576410,"Remote Lead Business Data Analyst (Chicago, IL or Remote)","Anywhere","Full-time","112500.0","2023-05-03","UL Solutions"
1006256,"Data Analyst","Anywhere","Full-time","112500.0","2023-01-08","InvestM Technology LLC"
1728,"Data Engineer/Data Analyst","Anywhere","Full-time","112500.0","2023-05-24","Segue Technologies Inc"
147455,"Data Analyst (Remote)","Anywhere","Full-time","112050.0","2023-02-02","Cisco Meraki"
958872,"Data Analyst","Anywhere","Full-time and Part-time","111500.0","2023-10-20","IBM"
1434170,"Data Analyst III","Anywhere","Full-time","110000.0","2023-11-09","CREDITSERVE INC"
412163,"Medicaid Data Analyst","Anywhere","Contractor","110000.0","2023-06-26","Apex Systems"
1047698,"Data Analyst","Anywhere","Full-time","110000.0","2023-03-14","Insight Global"
1210470,"Data Analyst","Anywhere","Contractor","110000.0","2023-09-20","Convergenz"
1574686,"Data Analyst","Anywhere","Contractor","110000.0","2023-04-13","Insight Global"
1814437,"Data Analyst","Anywhere","Full-time","110000.0","2023-08-18","Get It Recruit - Real Estate"
1490432,"Retail Systems Data Analyst","Anywhere","Full-time","110000.0","2023-06-09","Get It Recruit - Information Technology"
409831,"Data Analyst","Anywhere","Full-time","110000.0","2023-12-21","Trinity Solar Careers"
321727,"Data Analyst III","Anywhere","Full-time","110000.0","2023-10-30","CREDITSERVE INC"
382334,"Energy Data Analyst","Anywhere","Full-time","110000.0","2023-08-30","DNV"
1348516,"Master Data Analyst","Anywhere","Full-time","110000.0","2023-10-02","Executive Search Partners LLC"
885463,"Master Data Analyst","Anywhere","Full-time","110000.0","2023-07-30","Executive Search Partners LLC"
894317,"Data Analyst","Anywhere","Full-time","110000.0","2023-12-24","Get It Recruit - Transportation"
1592165,"SQL DEVELOPER / DATA ANALYST (Insurance industry Experience) ...","Anywhere","Full-time","110000.0","2023-01-26","Robert Half"
991817,"Data Analyst","Anywhere","Full-time","110000.0","2023-10-23","Get It Recruit - Finance"
480243,"Data Analyst - Remote","Anywhere","Full-time","110000.0","2023-01-06","Cava Connect"
446319,"Data Analyst","Anywhere","Full-time","110000.0","2023-09-10","Get It Recruit - Finance"
991303,"EDI Data Analyst/Business Systems Analyst III  (Great Place to...","Anywhere","Full-time","109600.0","2023-06-05","Paradigm"
480984,"Portfolio Data Analyst (Remote)","Anywhere","Full-time","108500.0","2023-03-25","Addepar"
65900,"Data and Process Modeling Analyst","Anywhere","Full-time","107500.0","2023-12-30","Get It Recruit - Hospitality"
1795029,"Data Analyst - Remote","Anywhere","Full-time","107500.0","2023-09-20","Dice"
600392,"REMOTE PowerBI Data Analyst","Anywhere","Full-time","107500.0","2023-04-04","Insight Global"
1119269,"Data Analyst","Anywhere","Full-time","107500.0","2023-08-28","CODING DOJO INC."
1026200,"Data Analyst, Finance and Accounting (Remote)","Anywhere","Full-time","107500.0","2023-03-24","Rhino"
255533,"IT Data Analyst - Remote | WFH","Anywhere","Full-time","107500.0","2023-10-06","Get It Recruit - Information Technology"
107274,"Data Analyst","Anywhere","Full-time","106562.5","2023-09-05","Cherry Bekaert Advisory, LLC"
55833,"Data Governance Analyst II - Frameworks, Standards, & Policies","Anywhere","Full-time","106479.0","2023-08-03","Edward Jones"
228239,"Data Analyst II - Firm Analytics","Anywhere","Full-time","106479.0","2023-11-15","Edward Jones"
617583,"Data Analyst II - Firm Analytics","Anywhere","Full-time","106479.0","2023-09-04","Edward Jones"
800017,"Data Analyst","Anywhere","Full-time","106000.0","2023-08-12","Get It Recruit - Information Technology"
1454946,"Market Research & Data Analyst","Anywhere","Full-time","106000.0","2023-08-12","Get It Recruit - Information Technology"
1352378,"Building Management System Data Analyst","Anywhere","Full-time","105000.0","2023-08-16","Vantage Consulting"
1069248,"Data Analyst","Anywhere","Full-time","105000.0","2023-02-09","Starr And Associates LLC"
1344229,"Data Analyst","Anywhere","Full-time","105000.0","2023-10-23","Vista Global Solutions, LLC"
601788,"Data Visualization Analyst","Anywhere","Full-time","105000.0","2023-10-15","Get It Recruit - Information Technology"
1309967,"Sr Data Analyst","Anywhere","Full-time","105000.0","2023-04-23","CyberCoders"
371104,"Clinical Data Analyst","Anywhere","Full-time","105000.0","2023-01-23","Modis"
936268,"Marketing Data Analyst","Anywhere","Full-time","105000.0","2023-06-29","Syndicatebleu"
1091932,"Healthcare Data Analyst","Anywhere","Full-time","105000.0","2023-11-24","Get It Recruit - Healthcare"
909000,"Associate Director, Data Analysis","Anywhere","Full-time","105000.0","2023-01-27","EL Education (Formerly Expeditionary Learning)"
1640497,"Senior Analyst, Government Reporting","Anywhere","Full-time","105000.0","2023-09-24","Cnam - Auditeurs - Accueil"
426601,"Product Data Analyst","Anywhere","Full-time","105000.0","2023-06-12","Syrup"
748403,"Sales Comp Data Analyst (Remote, U.S.)","Anywhere","Full-time","104300.0","2023-07-14","Pitney Bowes"
380744,"Health Information Management Data Analyst III","Anywhere","Full-time","104106.5","2023-06-06","Health Plan of San Mateo"
909351,"Data Analyst","Anywhere","Full-time","104000.0","2023-12-04","Get It Recruit - Information Technology"
1559111,"Healthcare Data Analyst","Anywhere","Full-time","103500.0","2023-12-15","Get It Recruit - Information Technology"
1061483,"Data and Analytics Analyst","Anywhere","Full-time","103049.5","2023-08-08","Get It Recruit - Finance"
1679633,"Data Wrangling and Visualization Manager","Anywhere","Full-time","103000.0","2023-12-27","Get It Recruit - Information Technology"
1667594,"Data Integration Analyst","Anywhere","Full-time","103000.0","2023-04-17","AIDS Healthcare Foundation"
707689,"Epic Chronicles Database Analyst","Anywhere","Full-time","103000.0","2023-11-23","Get It Recruit - Information Technology"
61021,"Data Analyst","Anywhere","Full-time and Contractor","102500.0","2023-10-10","The Phoenix Group"
535535,"Data Analyst","Anywhere","Full-time","102500.0","2023-04-05","Orion Groups"
523374,"Data Analyst","Anywhere","Contractor","102500.0","2023-06-06","Insight Global"
949643,"Data Analyst","Anywhere","Full-time","102500.0","2023-06-25","Get It Recruit - Information Technology"
1277458,"Data Analyst","Anywhere","Full-time","102250.0","2023-09-20","ZipRecruiter"
1378977,"Remote Data Analyst III","Anywhere","Full-time","102000.0","2023-04-15","Get It Recruit - Information Technology"
4420,"Senior System/Data Analyst","Anywhere","Full-time","102000.0","2023-11-04","Get It Recruit - Information Technology"
1526567,"Data Analyst - Healthcare Industry (Remote)","Anywhere","Full-time","102000.0","2023-04-21","Get It Recruit - Information Technology"
1440,"Data Analyst - Empowering Insights for a Healthier Future","Anywhere","Full-time","101500.0","2023-07-15","Get It Recruit - Information Technology"
686507,"Data Analyst","Anywhere","Full-time","101500.0","2023-07-06","Get It Recruit - Information Technology"
1234973,"Data Analyst","Anywhere","Full-time","101500.0","2023-07-09","Get It Recruit - Information Technology"
1514995,"Data analyst remote","Anywhere","Full-time","100400.0","2023-12-23","UnitedHealth Group"
838504,"Data Analyst 2 - Remote","Anywhere","Full-time","100400.0","2023-02-26","Optum"
136192,"Healthcare Data Analyst- Hybrid","Anywhere","Full-time","100400.0","2023-11-27","UnitedHealth Group"
1519017,"Sr Supplemental Data Analyst - Remote","Anywhere","Full-time","100400.0","2023-02-27","UnitedHealth Group"
262921,"Tableau Data Analyst","Anywhere","Full-time","100000.5","2023-05-05","SAIC"
309300,"Business Data Analyst","Anywhere","Full-time","100000.0","2023-05-15","Scaleai"
1785328,"Healthcare Quality Data Analyst","Anywhere","Full-time","100000.0","2023-04-25","Insight Global Healthcare"
736533,"Data Analyst","Anywhere","Full-time","100000.0","2023-05-11","LHH"
327502,"Lead Data Analyst / SQL Developer","Anywhere","Full-time","100000.0","2023-09-08","Robert Half"
882690,"Marketing Data Analyst","Anywhere","Full-time","100000.0","2023-06-19","LHH"
524146,"Data Analyst","Anywhere","Full-time","100000.0","2023-02-23","Hearth"
734020,"Data Analyst","Anywhere","Full-time","100000.0","2023-12-22","Govcio LLC"
1217891,"Data Analytics Manager","Anywhere","Full-time","100000.0","2023-12-19","Get It Recruit - Information Technology"
43545,"Data Analyst - Healthcare","Anywhere","Full-time","100000.0","2023-01-22","InvestM Technology LLC"
420972,"Data Conversion Analyst","Anywhere","Full-time","100000.0","2023-06-23","Insight Global"
1331634,"Data Analyst - Investment Management","Anywhere","Contractor","100000.0","2023-04-08","InvestM Technology LLC"
670899,"Research Data Analyst","Anywhere","Full-time","99746.90625","2023-10-12","Calbright College"
1064019,"Legal Project Management Data Analyst","Anywhere","Full-time","99500.0","2023-07-24","Ogletree Deakins"
1733276,"Senior Earth Observation Data Analyst","Anywhere","Full-time","99500.0","2023-07-06","Get It Recruit - Information Technology"
867791,"Data Analyst III - SQL Analytics - Remote | WFH","Anywhere","Full-time","99000.0","2023-03-04","Get It Recruit - Technology"
1332763,"Research Data Analyst (remote)","Anywhere","Full-time","98800.0","2023-05-04","Ad Hoc Team"
284410,"Data Analyst","Anywhere","Full-time","98750.0","2023-09-16","Goldbelt, Inc."
1149238,"Data Analyst IV (Healthcare Analytics) - Remote | WFH","Anywhere","Full-time","98500.0","2023-02-27","Get It Recruit - Technology"
1044426,"Remote Epic Bridges Analyst with Data Conversion Expertise","Anywhere","Full-time","98000.0","2023-11-30","Get It Recruit - Information Technology"
1691565,"Data Analyst - Healthcare","Anywhere","Full-time","97500.0","2023-01-26","InvestM Technology LLC"
1714018,"Privacy Data Analyst- (remote)","Anywhere","Full-time","97500.0","2023-01-09","Cognizant Technology Solutions"
498516,"Mid-Level Data Analyst - Python/SQL/PowerBI/Tableau","Anywhere","Full-time","97500.0","2023-05-30","Motion Recruitment"
630777,"Quantitative Data Analyst (CRE / CMBS)","Anywhere","Full-time","97500.0","2023-10-20","CRED iQ"
35406,"Provider Data Configuration Analyst IV","Anywhere","Full-time","97070.5","2023-12-20","Central California Alliance for Health (Remote)"
339556,"Lead Master Data Analyst (Remote or Onsite)","Anywhere","Full-time","97000.0","2023-05-09","Driscoll's"
1299756,"Data Analyst (Apex Legends)","Anywhere","Full-time","96400.0","2023-06-22","Respawn Entertainment"
1791218,"Data Analyst","Anywhere","Full-time","95700.0","2023-01-20","Booz Allen Hamilton"
703426,"Data Analyst (QA)","Anywhere","Full-time","95680.0","2023-01-05","Insight Global"
1601917,"Data Analyst (QA)","Anywhere","Full-time","95680.0","2023-01-05","Insight Global"
1519639,"Data Analyst, Mid","Anywhere","Full-time","95650.0","2023-08-30","Booz Allen Hamilton"
735880,"Data Analyst Lead - Remote","Anywhere","Full-time","95500.0","2023-05-18","Olympus Corporation of the Americas"
354407,"Data Analyst","Anywhere","Full-time","95329.0","2023-08-11","Get It Recruit - Finance"
690438,"Risk Adjustment Data Analytics Lead","Anywhere","Full-time","95150.0","2023-07-26","CVS Health"
369634,"Data Analyst - Looker","Anywhere","Full-time","95000.0","2023-02-23","Hays"
1491918,"Informatics Data Analyst II","Anywhere","Full-time","95000.0","2023-03-29","IDR, Inc."
796604,"Data Analyst","Anywhere","Full-time","95000.0","2023-11-03","Polygence"
1355313,"Data Integration Analyst","Anywhere","Full-time","95000.0","2023-07-20","United Site Services"
1156421,"Data Analyst Role","Anywhere","Full-time","95000.0","2023-02-25","Motion Recruitment"
328827,"Data Analyst (Greater LA Area, CA or Remote)","Anywhere","Full-time","95000.0","2023-01-06","HopSkipDrive"
1240374,"Data Analyst","Anywhere","Full-time","95000.0","2023-04-18","Insight Global"
542425,"Data Analyst","Anywhere","Full-time","95000.0","2023-01-04","Jobot"
334078,"Data Analyst * Work from home","Anywhere","Full-time","95000.0","2023-10-12","American Red Cross"
78069,"Data Analyst","Anywhere","Full-time","95000.0","2023-10-31","Polygence"
1359967,"(Remote) Marketing Data Analyst","Anywhere","Full-time","95000.0","2023-05-26","Clark Associates"
1467775,"Data Analyst","Anywhere","Contractor","95000.0","2023-07-12","Insight Global"
1230135,"Data Analyst, Financial Services","Anywhere","Full-time","95000.0","2023-01-23","Earnest Analytics"
430230,"Data Analyst III (REMOTE)","Anywhere","Full-time","95000.0","2023-06-14","Ryder System"
945198,"Program/Data Analyst (Health Services) Remote!","Anywhere","Full-time","95000.0","2023-07-03","General Dynamics Information Technology"
204667,"Data Analyst","Anywhere","Full-time","95000.0","2023-10-10","Get It Recruit - Finance"
1127339,"Data Analyst","Anywhere","Full-time","94871.5","2023-08-25","Protect Democracy"
961597,"Sustainability Oversight Data Lead Analyst - Remote","Anywhere","Full-time","94400.0","2023-09-05","The Cigna Group"
1243771,"Business Data Analyst","Anywhere","Full-time","94000.0","2023-06-16","Tactis LLC"
75704,"Data Analyst","Anywhere","Full-time","93000.0","2023-09-13","Get It Recruit - Information Technology"
133125,"Statistical Data Analyst","Anywhere","Full-time","93000.0","2023-11-21","Get It Recruit - Information Technology"
960363,"Sr. People Data Analyst","Anywhere","Full-time","92750.0","2023-04-12","Medidata Solutions"
1098113,"Data Analyst [70649]","Anywhere","Full-time","92500.0","2023-02-24","0nward Select"
1190547,"Operations Data Analyst (Greater LA Area, CA or Remote)","Anywhere","Full-time","92500.0","2023-02-02","HopSkipDrive"
758193,"Data Analyst (US REMOTE)","Anywhere","Full-time","92500.0","2023-02-15","LeanTaaS"
738823,"Data Insights Analyst (all genders) - Remote","Anywhere","Full-time","92000.0","2023-09-04","OUTFITTERY"
1178655,"Data Analyst","Anywhere","Full-time","91000.0","2023-12-05","Get It Recruit - Information Technology"
1647550,"Data Analyst","Anywhere","Full-time","90000.0","2023-04-28","Get It Recruit - Finance"
648986,"Healthcare Data Analyst","Anywhere","Full-time","90000.0","2023-10-01","Get It Recruit - Finance"
1152523,"Real Estate Transaction Data Analyst","Anywhere","Full-time","90000.0","2023-09-21","Get It Recruit - Real Estate"
196796,"Data Analyst","Anywhere","Full-time","90000.0","2023-08-19","Angi"
714930,"Data Analyst","Anywhere","Full-time","90000.0","2023-01-10","Motion Recruitment"
514485,"Health Data Lead Analyst - Fully Remote","Anywhere","Full-time","90000.0","2023-07-15","Constant Associates"
382064,"Data Analyst or Data Scientist","Anywhere","Full-time","90000.0","2023-12-29","Get It Recruit - Finance"
321007,"Data Analysis Manager","Anywhere","Full-time","90000.0","2023-02-23","Maximus"
846860,"Real Estate Data Analyst","Anywhere","Full-time","90000.0","2023-09-12","Get It Recruit - Real Estate"
326110,"Healthcare Data Analyst","Anywhere","Full-time","90000.0","2023-03-06","Preveta"
613034,"Credit Data Analyst","Anywhere","Full-time","90000.0","2023-09-09","Get It Recruit - Finance"
680315,"Data Analyst","Anywhere","Full-time","90000.0","2023-05-28","Gotely"
391159,"Data Science Analyst","Anywhere","Full-time","90000.0","2023-01-11","CVS Health"
914174,"Data Analyst, Supply Chain (Remote)","Anywhere","Full-time","90000.0","2023-01-04","Home Depot / THD"
354417,"Data Analyst","Anywhere","Full-time","90000.0","2023-03-09","EcoCart"
581546,"Clinical Data Analyst","Anywhere","Full-time","90000.0","2023-08-10","Engage Partners Inc."
1729407,"Data Analyst","Anywhere","Full-time","90000.0","2023-06-14","General Dynamics Information Technology"
258262,"Data Analyst","Anywhere","Full-time","90000.0","2023-09-11","Get It Recruit - Real Estate"
116825,"Data Analyst","Anywhere","Full-time","90000.0","2023-04-12","hackajob"
1560173,"100% REMOTE Data Analyst","Anywhere","Full-time","90000.0","2023-01-20","CyberCoders"
293077,"Data Analyst","Anywhere","Full-time","90000.0","2023-12-13","Get It Recruit - Administrative"
811436,"Strategic Data Analyst","Anywhere","Full-time","90000.0","2023-12-25","Get It Recruit - Finance"
419649,"Data Analyst","Anywhere","Full-time","90000.0","2023-10-10","Get It Recruit - Finance"
1186631,"Healthcare Data Analyst","Anywhere","Full-time","90000.0","2023-03-22","Adaptive Solutions Group"
1810744,"Data Analyst","Anywhere","Full-time","90000.0","2023-03-13","Venteon"
468153,"Telecom Data Analyst","Anywhere","Full-time","90000.0","2023-07-16","Axelerate"
1244897,"Data Analyst","Anywhere","Full-time","90000.0","2023-09-11","Get It Recruit - Real Estate"
25749,"Fraud Data Analyst","Anywhere","Full-time","90000.0","2023-10-19","Get It Recruit - Finance"
1228142,"Data Analyst","Anywhere","Full-time","90000.0","2023-09-22","Grant Leading Technology, LLC"
663590,"Data Analyst 2 - Albany - Research and Statistics","Anywhere","Full-time","89833.5","2023-02-16","Labor, Department of"
122927,"Data Analyst (Modeling) (Remote)","Anywhere","Full-time","89796.0","2023-05-01","Heluna Health"
1618146,"Mobile Data Analyst","Anywhere","Full-time","89500.0","2023-06-28","Verizon"
660036,"Senior Supply Chain Analytics Analyst","Anywhere","Full-time","89000.0","2023-10-12","Get It Recruit - Transportation"
833662,"Marketing Data Analyst (Remote)","Anywhere","Full-time","89000.0","2023-07-31","World Education Services"
1657752,"Supply Chain Data Analyst","Anywhere","Full-time","88000.0","2023-07-01","Get It Recruit - Transportation"
1209792,"Health Data Systems Analyst","Anywhere","Full-time","88000.0","2023-08-23","Get It Recruit - Information Technology"
748524,"Senior Financial and Data Analyst","Anywhere","Full-time","87500.0","2023-06-30","Oxfam America"
30317,"Data Analyst","Anywhere","Full-time","87500.0","2023-04-28","Insight Global"
1489901,"Data Analyst","Anywhere","Full-time","87500.0","2023-03-10","Predictive Data Lab"
66566,"Healthcare Data Analyst","Anywhere","Full-time","87500.0","2023-06-26","Vatica Health"
352252,"Media Data Analyst/Media Coordinator","Anywhere","Full-time","87500.0","2023-09-10","Get It Recruit - Administrative"
826590,"Data Analyst","Anywhere","Contractor","87500.0","2023-01-07","Beacon Hill Staffing Group"
915649,"Data Analyst","Anywhere","Full-time","87500.0","2023-06-01","Get It Recruit - Information Technology"
1433360,"Data Analyst - New Grad - Remote","Anywhere","Full-time","87500.0","2023-09-04","SeatGeek"
961041,"Treasury Data Analyst II","Anywhere","Full-time","87000.0","2023-12-08","Get It Recruit - Information Technology"
916210,"Treasury Data Analyst II","Anywhere","Full-time","87000.0","2023-11-22","Get It Recruit - Information Technology"
401243,"Remote Data Analyst","Anywhere","Full-time","86500.0","2023-04-16","Get It Recruit - Information Technology"
1704094,"Remote Data Analyst","Anywhere","Full-time","86500.0","2023-04-16","Get It Recruit - Information Technology"
456839,"Telecom Data Analyst","Anywhere","Full-time","86000.0","2023-04-21","Get It Recruit - Information Technology"
1638633,"Data Governance Analyst","Anywhere","Full-time","85500.0","2023-06-10","Get It Recruit - Information Technology"
1458260,"Data Analyst / Software Developer","Anywhere","Full-time","85000.0","2023-12-19","QSE7, LLC"
1782272,"Marketing Data Analyst","Anywhere","Full-time","85000.0","2023-01-14","FocusKPI Inc."
710614,"Data Mining Analyst","Anywhere","Full-time","85000.0","2023-03-28","Envision Staffing Solutions"
1640252,"Data Analyst","Anywhere","Full-time","85000.0","2023-11-16","Get It Recruit - Information Technology"
1215316,"Data Analyst & Dashboard Developer","Anywhere","Full-time","85000.0","2023-04-04","Impact Genome"
382000,"Healthcare Data Analyst","Anywhere","Full-time","85000.0","2023-09-26","Prime Team Partners"
196337,"Predictive Data Analyst","Anywhere","Full-time","85000.0","2023-03-14","SimioCloud"
1201469,"Data Analyst (Hybrid - Remote/1-2 days office)/DC Metro","Anywhere","Full-time","85000.0","2023-06-20","Peopletek"
1085007,"Data Analyst (Remote)","Anywhere","Full-time","85000.0","2023-09-18","DeepIntent"
27772,"Data Analyst - DHS Clearance Required Remote / Telecommute Jobs","Anywhere","Full-time","85000.0","2023-10-04","Redwood Strategy Group"
50602,"Data Analyst & Dashboard Developer","Anywhere","Full-time","85000.0","2023-05-17","Impact Genome"
1762396,"Data Analyst & Dashboard Developer","Anywhere","Full-time","85000.0","2023-03-11","Impact Genome"
52176,"PPM Data Analyst - Remote","Anywhere","Full-time","85000.0","2023-02-03","Mint Mobile"
314738,"Growth Data Analyst","Anywhere","Full-time","85000.0","2023-11-16","Get It Recruit - Information Technology"
1112585,"Senior Data Analyst II","Anywhere","Full-time","85000.0","2023-08-28","BlueLabs Analytics, Inc."
384007,"Data Analyst","Anywhere","Full-time","85000.0","2023-07-24","Motion Recruitment"
1766497,"Healthcare Data Analyst","Anywhere","Full-time","84950.0","2023-12-08","Get It Recruit - Healthcare"
1811540,"Business Data Analyst","Anywhere","Full-time","84800.0","2023-04-10","Ronin Staffing"
1540216,"Marketing Data Analyst","Anywhere","Full-time","84500.0","2023-10-12","Get It Recruit - Information Technology"
398669,"Experienced Data Analyst","Anywhere","Full-time","84500.0","2023-10-29","Get It Recruit - Information Technology"
1736157,"Asset Verification Data Analyst","Anywhere","Full-time","84500.0","2023-11-06","Get It Recruit - Information Technology"
496663,"Data Analyst","Anywhere","Full-time","84500.0","2023-11-06","Get It Recruit - Information Technology"
1163106,"Finance Data Analyst","Anywhere","Full-time","84500.0","2023-11-20","Get It Recruit - Information Technology"
444259,"Data Analyst","Anywhere","Full-time","84500.0","2023-11-29","Get It Recruit - Information Technology"
547661,"Data Analyst","Anywhere","Full-time","84500.0","2023-11-06","Get It Recruit - Information Technology"
367476,"Data Analyst","Anywhere","Full-time","84500.0","2023-10-30","Get It Recruit - Information Technology"
104800,"Financial Data Analyst","Anywhere","Full-time","84500.0","2023-11-28","Get It Recruit - Information Technology"
1813745,"Data Platform Analyst","Anywhere","Full-time","84500.0","2023-11-28","Get It Recruit - Information Technology"
133854,"Pricing Data Analyst","Anywhere","Full-time","84500.0","2023-11-18","Get It Recruit - Finance"
1551217,"Data Analyst","Anywhere","Full-time","84000.0","2023-12-29","Get It Recruit - Information Technology"
122796,"Marketing Data Analyst","Anywhere","Full-time","84000.0","2023-09-22","Get It Recruit - Information Technology"
23358,"Data Analyst","Anywhere","Full-time","84000.0","2023-10-09","Get It Recruit - Information Technology"
918810,"Healthcare Data Analyst","Anywhere","Full-time","84000.0","2023-10-03","Get It Recruit - Information Technology"
1544793,"Early Career Data Analyst","Anywhere","Full-time","84000.0","2023-12-19","Get It Recruit - Information Technology"
998283,"Data Analyst - Remote US","Anywhere","Full-time","84000.0","2023-12-13","Get It Recruit - Information Technology"
1156181,"Remote Data Analyst","Anywhere","Full-time","84000.0","2023-11-11","Get It Recruit - Information Technology"
858421,"Data Analyst Intern","Anywhere","Full-time and Internship","84000.0","2023-12-25","Get It Recruit - Information Technology"
1683817,"Data Analyst","Anywhere","Full-time","84000.0","2023-12-14","Get It Recruit - Information Technology"
894665,"Data Analyst","Anywhere","Full-time","84000.0","2023-12-24","Get It Recruit - Information Technology"
1558833,"Data Analyst","Anywhere","Full-time","84000.0","2023-12-10","Get It Recruit - Information Technology"
1761702,"Business Data Analyst","Anywhere","Full-time","84000.0","2023-12-24","Get It Recruit - Information Technology"
1155449,"Data Analyst- Early Career Quality Engineer","Anywhere","Full-time","84000.0","2023-12-19","Get It Recruit - Information Technology"
1153109,"Data Analyst","Anywhere","Full-time","83500.0","2023-09-14","Get It Recruit - Information Technology"
309335,"Data Analyst","Anywhere","Full-time","83500.0","2023-09-10","Get It Recruit - Information Technology"
197120,"Accountant/Data Analyst","Anywhere","Full-time","83500.0","2023-05-25","Robert Half"
1632454,"Data Analyst","Anywhere","Full-time","83500.0","2023-05-09","Insight Global"
1618469,"Data Quality Analyst","Anywhere","Full-time","83500.0","2023-09-17","Get It Recruit - Information Technology"
1366794,"Data Analyst","Anywhere","Full-time","83500.0","2023-08-18","Get It Recruit - Information Technology"
1128758,"Data Analyst with PowerBI expertise","Anywhere","Full-time","83500.0","2023-08-23","Get It Recruit - Information Technology"
457003,"Data Analyst - Part Time (Greater NYC Area, NY or Remote)","Anywhere","Part-time","83200.0","2023-09-22","Memorial Sloan Kettering Cancer Center"
1005824,"Budget Data Analyst (Power BI/Excel/VBA expert)","Anywhere","Full-time","83000.0","2023-06-20","General Dynamics Information Technology"
1656466,"Data Analyst","Anywhere","Full-time","83000.0","2023-08-13","Get It Recruit - Information Technology"
373211,"Data Governance Project Data Analyst","Anywhere","Full-time","83000.0","2023-08-06","Get It Recruit - Information Technology"
604141,"Data Analyst","Anywhere","Full-time","83000.0","2023-03-24","Alameda Health Consortium/Community Health Center Network"
984993,"Data Analyst","Anywhere","Full-time","82750.0","2023-12-18","Luxury Presence"
95123,"Data Analyst","Anywhere","Full-time","82500.0","2023-07-24","Get It Recruit - Information Technology"
337179,"Part-time Data Analyst","Anywhere","Part-time","82500.0","2023-07-25","Get It Recruit - Information Technology"
1269187,"Data Analyst with PowerBI Dashboards Experience","Anywhere","Full-time","82500.0","2023-07-24","Get It Recruit - Information Technology"
908469,"Data Analyst/Report Writer","Anywhere","Full-time","82500.0","2023-07-19","Get It Recruit - Information Technology"
1621876,"Data Analyst (Tableau)","Anywhere","Full-time","82500.0","2023-09-08","Customer Value Partners"
1715658,"Data Analyst","Anywhere","Full-time","82500.0","2023-07-18","Get It Recruit - Information Technology"
1795056,"Clinical Research Data Programmer Analyst","Anywhere","Full-time","82500.0","2023-10-06","Vitalief Inc."
1727059,"Technical/Data Analyst","Anywhere","Full-time","82500.0","2023-07-28","Get It Recruit - Information Technology"
838391,"Data Insight Analyst","Anywhere","Full-time","82500.0","2023-07-15","Get It Recruit - Information Technology"
1758551,"Healthcare Data Analyst - Remote in RI","Anywhere","Full-time","82500.0","2023-09-09","Complete HR Solutions"
934891,"Data Analysts- Capital Markets Team","Anywhere","Full-time","82500.0","2023-01-30","CyberCoders"
427343,"Data Delivery Analyst","Anywhere","Full-time","82500.0","2023-11-18","Get It Recruit - Information Technology"
103900,"Data Analyst","Anywhere","Full-time","82500.0","2023-07-05","Get It Recruit - Information Technology"
863059,"Accounting / Data Analyst","Anywhere","Full-time","82500.0","2023-01-13","Confidential"
672574,"Data Analyst","Anywhere","Full-time","82500.0","2023-06-22","Emotive"
879043,"SQL Data Analyst - Healthcare","Anywhere","Full-time","82350.5","2023-07-22","Village Care"
318830,"Business Data Analyst II","Anywhere","Full-time","82000.0","2023-06-26","Get It Recruit - Information Technology"
288466,"Research Data Analyst I","Anywhere","Full-time","82000.0","2023-06-18","Get It Recruit - Information Technology"
5174,"Data Analyst - Ad Tech and Google Ad Manager Experience (Remote)","Anywhere","Full-time","82000.0","2023-06-21","Get It Recruit - Information Technology"
1296038,"Data Analyst","Anywhere","Full-time","82000.0","2023-07-23","Get It Recruit - Information Technology"
463381,"Data Analyst (Junior/Mid/Senior) - Remote - Defense Manpower Data...","Anywhere","Full-time","82000.0","2023-06-25","Get It Recruit - Information Technology"
1115037,"Data Analyst","Anywhere","Full-time","82000.0","2023-06-18","Get It Recruit - Information Technology"
223644,"Pharmacy Data Analyst","Anywhere","Full-time","81500.0","2023-06-14","Get It Recruit - Information Technology"
1638787,"Lead Data Analyst - Looker Studio Expert","Anywhere","Full-time","81500.0","2023-06-14","Get It Recruit - Information Technology"
1436603,"Data Analyst, Mortgage Enforcement Unit, Remote Opportunity","Anywhere","Full-time","81047.0","2023-02-03","New York State Office of the Attorney General"
606788,"Data Analytics and Reporting Analyst","Anywhere","Full-time","81000.0","2023-09-09","Get It Recruit - Information Technology"
413083,"Data Analyst","Anywhere","Contractor","81000.0","2023-06-06","Get It Recruit - Information Technology"
980665,"Data Analyst","Anywhere","Full-time","81000.0","2023-05-16","Get It Recruit - Information Technology"
143947,"Data Analyst","Anywhere","Full-time","81000.0","2023-05-11","Get It Recruit - Information Technology"
1025744,"Research Data Analyst-","Anywhere","Full-time and Temp work","80740.0","2023-11-25","InsideHigherEd"
1472332,"Lead Data Analyst for Big Data Projects","Anywhere","Full-time","80500.0","2023-04-23","Get It Recruit - Information Technology"
670376,"Data Analyst","Anywhere","Full-time","80500.0","2023-09-01","Get It Recruit - Finance"
1049953,"Data Analyst","Anywhere","Full-time","80500.0","2023-08-15","California State University"
711091,"Data Analyst - Underwriting","Anywhere","Full-time","80250.0","2023-04-01","Automobile Club of Southern California"
319413,"Data Analyst","Anywhere","Full-time","80000.0","2023-08-07","Coders Data"
940759,"Data Analyst","Anywhere","Full-time","80000.0","2023-07-30","Get It Recruit - Information Technology"
483152,"Data Analyst","Anywhere","Full-time","80000.0","2023-01-06","New World Now LLC"
794255,"Manufacturing Data Analyst","Anywhere","Full-time","80000.0","2023-09-27","ATR International"
1434052,"Data Analytics Consultant","Anywhere","Full-time","80000.0","2023-08-03","FutureNET"
566131,"Claims Data Analyst - 208554","Anywhere","Full-time","80000.0","2023-07-28","Medix Technology"
690454,"Data Analyst","Anywhere","Full-time","80000.0","2023-04-03","Gravy Analytics"
519106,"Data Analytics Manager","Anywhere","Full-time","80000.0","2023-10-11","Itemize Corp."
1075985,"AI-focused Data Analyst/Tableau Developer","Anywhere","Full-time and Contractor","80000.0","2023-11-04","Get It Recruit - Information Technology"
6083,"Data Analyst","Anywhere","Full-time","80000.0","2023-02-27","EUCON AMERICAS LLC"
1236616,"Data Analyst","Anywhere","Full-time","80000.0","2023-02-28","Peraton"
1354750,"Data Analyst","Anywhere","Full-time","80000.0","2023-08-03","Coders Data"
550113,"Junior Data Analyst","Anywhere","Full-time","80000.0","2023-06-20","Motion Recruitment"
276098,"Data Analyst- Power BI (Remote)","Anywhere","Full-time","80000.0","2023-06-19","HighGround"
564679,"Junior Data Analyst","Anywhere","Full-time","80000.0","2023-10-09","Coders Data"
664113,"Data Analyst (Remote)","Anywhere","Full-time","80000.0","2023-09-15","CrowdStrike"
911869,"Sr. Business Analyst/Data Analyst","Anywhere","Full-time","80000.0","2023-06-21","CBRE"
1333002,"Data Analyst","Anywhere","Full-time","80000.0","2023-07-20","Get It Recruit - Information Technology"
430789,"Data Analyst - Remote | WFH","Anywhere","Full-time","79968.0","2023-02-21","Get It Recruit - Technology"
1801810,"Remote Geospatial Data Analyst","Anywhere","Full-time","79500.0","2023-08-12","Get It Recruit - Information Technology"
36488,"Data Analyst (Remote)","Anywhere","Full-time","79415.5","2023-11-17","Texas Workforce Commission"
401772,"Health Data Analyst - Hybrid","Anywhere","Full-time","79060.5","2023-11-09","Teacher Retirement System of Texas"
189043,"Remote - Data Analyst - Permanent - W2","Anywhere","Full-time","79000.0","2023-02-21","Apex Systems"
59423,"Healthcare Data Analyst","Anywhere","Full-time","78040.0","2023-11-24","Get It Recruit - Healthcare"
1723219,"Data Analyst","Anywhere","Full-time","78000.0","2023-03-13","Visual Connections, LLC"
397963,"Data Analyst","Anywhere","Full-time","77500.0","2023-07-31","Coders Data"
704236,"Data Analysis and Production Support Analyst","Anywhere","Full-time","77500.0","2023-10-05","Get It Recruit - Information Technology"
1311958,"Northeast Territory Data Analyst","Anywhere","Full-time","77500.0","2023-08-18","Get It Recruit - Administrative"
1745486,"Data Analyst","Anywhere","Full-time","77500.0","2023-11-09","Get It Recruit - Information Technology"
435726,"Data Analyst","Anywhere","Full-time","77500.0","2023-12-15","JDC"
1236681,"Data Analyst","Anywhere","Full-time","77500.0","2023-11-08","Simplex"
502625,"Data Analyst","Anywhere","Full-time","77500.0","2023-10-09","Simplex."
1600670,"Financial Data Analyst","Anywhere","Full-time","77500.0","2023-11-02","Get It Recruit - Finance"
1101994,"Product Specialist (Data Analytics) (Remote)","Anywhere","Full-time","77500.0","2023-02-02","NBCUniversal"
1379514,"Data Analyst - CropSights, a Precision Ag Platform (Remote - Must...","Anywhere","Full-time","77350.0","2023-07-03","Wilbur-Ellis Company"
974504,"Information Protection Data Analyst - Remote | WFH","Anywhere","Full-time","77000.0","2023-03-17","Get It Recruit - Information Technology"
411881,"Data Analyst","Anywhere","Full-time","76842.0","2023-12-05","Get It Recruit - Healthcare"
1500082,"Data Analyst","Anywhere","Full-time","76783.0","2023-09-15","Get It Recruit - Healthcare"
487133,"Healthcare Data Analyst","Anywhere","Full-time","76559.0","2023-09-20","Get It Recruit - Healthcare"
558598,"Data Analyst","Anywhere","Full-time","76500.0","2023-04-14","Invitae"
1219618,"Data Analyst (Remote)","Anywhere","Full-time","76364.5","2023-06-09","Stride inc"
959874,"Data Analyst","Anywhere","Full-time","76007.0","2023-08-05","Get It Recruit - Healthcare"
164596,"Data Analyst","Anywhere","Full-time","76007.0","2023-08-03","Get It Recruit - Healthcare"
1259256,"Data Analyst","Anywhere","Full-time","76000.0","2023-08-05","Get It Recruit - Transportation"
757196,"GTM Revenue Operations Data Analyst","Anywhere","Full-time","76000.0","2023-01-25","UiPath"
371461,"Data Analyst","Anywhere","Full-time","75566.0","2023-09-21","Get It Recruit - Marketing"
1068141,"Data Analyst (Remote)","Anywhere","Full-time","75500.0","2023-02-04","ServiceTitan"
1365513,"Health Data Analyst - Remote","Anywhere","Full-time","75296.0","2023-07-29","Teacher Retirement System of Texas"
368638,"Data Analyst - Department of Surgery/JRSC (Greater NYC Area, NY or...","Anywhere","Full-time","75250.0","2023-09-29","Memorial Sloan Kettering Cancer Center"
156786,"Junior Data Analyst","Anywhere","Full-time","75000.0","2023-07-26","Patterned Learning AI"
240037,"Data Analyst","Anywhere","Full-time","75000.0","2023-11-24","Get It Recruit - Hospitality"
479282,"Data Analyst","Anywhere","Full-time","75000.0","2023-04-05","hackajob"
1210145,"Research Data Analyst","Anywhere","Full-time","75000.0","2023-08-17","Health Choice Network"
210881,"Data Analyst - ggplot2, R, SQL, Python- Remote","Anywhere","Full-time","75000.0","2023-03-07","CyberCoders"
1321085,"Junior Data Analyst - US/Canada","Anywhere","Full-time","75000.0","2023-07-20","Patterned Learning AI"
1170721,"Junior Data BI Analyst","Anywhere","Full-time","75000.0","2023-07-27","Patterned Learning AI"
1065749,"HR Data Analyst","Anywhere","Full-time","75000.0","2023-01-26","Chicken of the Sea"
764861,"HR Jr. Data Analyst","Anywhere","Full-time","75000.0","2023-03-30","Chicken of the Sea"
1461191,"DATA ANALYST - We offer career advancement, a work-life balance...","Anywhere","Full-time","75000.0","2023-02-08","Zunch Staffing"
341807,"Data Analyst","Anywhere","Full-time","75000.0","2023-11-24","Get It Recruit - Information Technology"
221984,"Data Analyst, Category Management & Demand Planning","Anywhere","Full-time","75000.0","2023-11-23","MaryRuth's"
193923,"Supply Chain Data Analyst","Anywhere","Full-time","75000.0","2023-08-19","Get It Recruit - Transportation"
555049,"Data Analyst/Epic Cogito","Anywhere","Full-time","75000.0","2023-08-31","Engage Partners Inc."
1513802,"Data Analyst","Anywhere","Full-time","75000.0","2023-01-13","In Technology Group Inc (US)"
1406540,"Associate Data Analyst","Anywhere","Full-time","75000.0","2023-07-10","Beyond 12"
1517483,"Data Analyst - SaaS - EdTech","Anywhere","Full-time","75000.0","2023-07-17","KodeKloud"
257140,"Data Analyst","Anywhere","Full-time","75000.0","2023-10-31","Veeva Systems"
1241014,"Research Data Analyst","Anywhere","Full-time","75000.0","2023-08-22","Health Choice Network"
813827,"Research Data Analyst","Anywhere","Full-time","74500.0","2023-08-16","Southern California University"
47248,"Data Scientist/Financial Data Analyst","Anywhere","Full-time","74224.5","2023-05-10","NCUA"
425984,"Healthcare Data Analyst","Anywhere","Full-time","74049.0","2023-12-05","Get It Recruit - Healthcare"
1338279,"Data Analyst (Remote)","Anywhere","Full-time","74000.0","2023-03-16","Retriever Medial Dental Payments LLC"
1726747,"Data Analyst","Anywhere","Full-time","74000.0","2023-07-13","Applied Engineering Management Corporation"
669824,"Data Insight Analyst","Anywhere","Full-time","73696.0","2023-10-31","Get It Recruit - Healthcare"
1553132,"Medicare Compliance Data Analyst","Anywhere","Full-time","73631.0","2023-12-02","Get It Recruit - Healthcare"
1395633,"Financial Data Analyst","Anywhere","Full-time","73000.0","2023-12-23","Get It Recruit - Finance"
769341,"Research Scientist (Remote)","Anywhere","Full-time","73000.0","2023-02-02","Center for Open Science"
1262610,"Data Analyst","Anywhere","Full-time","72500.0","2023-02-06","Insight Global"
621498,"Data Analyst III","Anywhere","Full-time","72500.0","2023-04-19","Global Healthcare Exchange, Inc."
1446024,"Contact Center Data Analyst","Anywhere","Full-time","72500.0","2023-10-06","CharterUP"
93604,"Data Analyst","Anywhere","Full-time","72500.0","2023-08-08","Bluesight"
1583314,"Pricing Data Analyst","Anywhere","Full-time","72500.0","2023-12-18","Get It Recruit - Information Technology"
1684855,"Data Analyst","Anywhere","Full-time","72500.0","2023-03-28","Every Body Texas"
468876,"Data Analyst Marketing","Anywhere","Full-time","72500.0","2023-01-30","Coda Staffing"
360331,"Data Analyst - Remote","Anywhere","Full-time","72450.0","2023-10-04","CACI International Inc"
432310,"Junior Business/Data Analyst","Anywhere","Full-time","72000.0","2023-07-28","Get It Recruit - Transportation"
897644,"Financial Data Analyst","Anywhere","Full-time","71850.0","2023-04-15","CVS Health"
361990,"Data Analyst","Anywhere","Full-time","71850.0","2022-12-31","CVS Health"
1698696,"Data Analyst","Anywhere","Full-time","71850.0","2023-01-12","CVS Health"
225308,"Data Analyst Intern","Anywhere","Full-time and Internship","71000.0","2023-12-04","Get It Recruit - Information Technology"
1096460,"Investment Operations Data Analyst","Anywhere","Full-time","70500.0","2023-05-03","Get It Recruit - Information Technology"
442024,"Data Analyst","Anywhere","Full-time","70000.0","2023-02-02","Coda SearchStaffing"
1717917,"Data Analyst","Anywhere","Full-time","70000.0","2023-03-29","Taylor"
1109298,"Data Analyst","Anywhere","Full-time","70000.0","2023-12-03","Get It Recruit - Information Technology"
1473524,"Data Analyst","Anywhere","Full-time","70000.0","2023-01-25","Partnership Employment"
723713,"Data Analyst","Anywhere","Full-time","70000.0","2023-02-13","Amplified Sourcing"
1264889,"Junior Reporting Data Analyst","Anywhere","Full-time","70000.0","2023-07-08","Get It Recruit - Information Technology"
134039,"Data Analyst","Anywhere","Full-time","70000.0","2023-11-03","Class Action Capital Recovery LLC"
1128522,"Manufacturing Operations Data Analyst","Anywhere","Full-time","70000.0","2023-08-16","Get It Recruit - Information Technology"
50512,"Loan Data Analyst","Anywhere","Full-time","70000.0","2023-09-17","AdelFi"
330595,"Data Analyst","Anywhere","Full-time","70000.0","2023-11-22","Ohio Shared Information Services Inc"
539154,"Fraud Data Analyst","Anywhere","Full-time","70000.0","2023-09-20","Pentasia"
1527329,"Data Analyst","Anywhere","Full-time","70000.0","2023-05-30","Zelo Digital Recruitment"
683865,"Financial Data Analyst","Anywhere","Full-time","70000.0","2023-03-02","Global Accounting Network"
1397514,"Community Data Analyst","Anywhere","Full-time","70000.0","2023-12-26","Get It Recruit - Information Technology"
339742,"Healthcare Contract/Data Analyst","Anywhere","Full-time","70000.0","2023-04-20","Kermit"
1625061,"Asset Verification Data Analyst","Anywhere","Full-time","70000.0","2023-05-17","Get It Recruit - Information Technology"
482909,"Data & Analytics Analyst - Virtual, USA","Anywhere","Full-time","69500.0","2023-08-16","Diversified"
297571,"Clinical Data Analyst I (REMOTE-USA)","Anywhere","Full-time","69000.0","2023-08-21","Ambry Genetics Corporation"
60732,"Data Analyst (SQL) :Role 3354","Anywhere","Full-time","67500.0","2023-04-11","iTalent Digital"
1400357,"Data Analyst","Anywhere","Full-time","67500.0","2023-01-25","AllianceChicago"
38696,"Data Analyst","Anywhere","Contractor","67500.0","2023-01-26","Insight Global"
618426,"Research/Data Analyst","Anywhere","Full-time","67500.0","2023-09-11","Get It Recruit - Information Technology"
534826,"Forensic Data Analyst","Anywhere","Full-time","67500.0","2023-12-10","Get It Recruit - Information Technology"
243487,"Survey Data Analyst","Anywhere","Full-time","67500.0","2023-06-27","CyberCoders"
605922,"Data Analyst for Democratic Attorneys General and AG Candidates","Anywhere","Full-time","67500.0","2023-05-02","Get It Recruit - Information Technology"
1010619,"Community Data Analyst","Anywhere","Full-time","66500.0","2023-11-26","Get It Recruit - Information Technology"
871527,"Analyst, Master Data Management","Anywhere","Full-time","65062.3984375","2023-10-31","Ascension"
549336,"HR Reporting & Analytics Manager","Anywhere","Full-time","65000.0","2023-09-21","Get It Recruit - Administrative"
1785615,"Data Analyst (Entry Level) - US/Canada","Anywhere","Full-time","65000.0","2023-07-31","Patterned Learning AI"
604011,"Data BI Analyst (Entry Level)","Anywhere","Full-time","65000.0","2023-07-11","Patterned Learning AI"
450752,"Data Analyst","Anywhere","Full-time","65000.0","2023-12-16","Mothership Strategies, LLC"
1538266,"Data Analyst - Educational Non-profit","Anywhere","Full-time","65000.0","2023-01-04","Express Employment Professionals"
1403912,"Data BI Analyst (Entry Level) - US/Canada","Anywhere","Full-time","65000.0","2023-08-25","Patterned Learning AI"
1705282,"Electronic Data Interchange Analyst","Anywhere","Full-time","65000.0","2023-01-18","Insight Global"
1463732,"Data Analyst","Anywhere","Full-time","65000.0","2023-01-17","Insight Global"
1812494,"Data Analyst","Anywhere","Full-time","65000.0","2023-07-15","Bright Power"
394469,"Data Analyst (Entry Level) - US/Canada","Anywhere","Full-time","65000.0","2023-07-30","Patterned Learning AI"
946898,"Data BI Analyst (Entry Level) - US","Anywhere","Full-time","65000.0","2023-07-28","Patterned Learning AI"
1334734,"Data Analyst (Entry Level)","Anywhere","Full-time","65000.0","2023-07-08","Patterned Learning AI"
384112,"Data BI Analyst (Entry Level) - US/Canada","Anywhere","Full-time","65000.0","2023-07-30","Patterned Learning AI"
1596146,"Data Analyst","Anywhere","Full-time","65000.0","2023-05-02","Insight Global"
1441940,"Junior Data Analyst","Anywhere","Full-time","65000.0","2023-07-22","Get It Recruit - Information Technology"
179983,"Data Analyst","Anywhere","Contractor","65000.0","2023-09-26","24 Seven Talent"
466817,"Jr. Marketing Data Analyst- Ecommerce","Anywhere","Full-time","65000.0","2023-01-04","Aquent Studios"
262937,"SQL Data Analyst","Anywhere","Full-time","65000.0","2023-10-30","Citron IT, Inc."
1526157,"Data Analyst - (100% Remote)","Anywhere","Full-time","63991.0","2023-01-10","Monterey Park Auto Body Inc"
510271,"Data Analyst","Anywhere","Full-time","63594.0","2023-12-29","Get It Recruit - Healthcare"
1566988,"Data Analyst - Bargersville, IN","Anywhere","Full-time","63000.0","2023-05-17","VetJobs & Military Spouse Jobs"
376277,"Operations Reporting and Data Analyst - Boston, MA","Anywhere","Full-time","62500.0","2023-02-14","Crescentia GTS"
215071,"Data Analyst","Anywhere","Full-time","62500.0","2023-01-08","OZ"
1650439,"Technology and Data Analyst","Anywhere","Full-time","62500.0","2023-07-17","McAllister & Quinn, LLC"
329855,"Internal Audit Data Analyst","Anywhere","Full-time","62500.0","2023-01-06","Aegon"
132241,"Employee Assistance Program (EAP) Data Analyst","Anywhere","Full-time","62500.0","2023-05-07","CuraLinc Healthcare"
1513216,"HR Report Writer and Data Analyst- REMOTE","Anywhere","Full-time","62500.0","2023-05-20","Ryder System"
1301761,"Business Data Analyst","Anywhere","Full-time","62500.0","2023-06-20","Kaye/Bassman International"
43776,"Data Analyst","Anywhere","Full-time","62500.0","2023-05-24","Kaye/Bassman International"
553921,"Supply Chain Data Integrity Analyst","Anywhere","Full-time","62500.0","2023-12-03","Get It Recruit - Transportation"
634102,"Data Processing and Reporting Analyst","Anywhere","Full-time","62000.0","2023-09-08","Get It Recruit - Information Technology"
272662,"Business Intelligence Engineer","Anywhere","Contractor","62000.0","2023-05-31","Neurons Lab"
955933,"Freelance Online Data Analyst","Anywhere","Full-time and Contractor","60500.0","2023-11-15","Get It Recruit - Information Technology"
1579976,"Freelance Online Data Analyst","Anywhere","Full-time and Contractor","60500.0","2023-11-02","Get It Recruit - Information Technology"
286007,"Data Analyst","Anywhere","Full-time","60000.0","2023-08-20","Get It Recruit - Information Technology"
616124,"Junior Data Analyst","Anywhere","Full-time","60000.0","2023-09-16","Get It Recruit - Finance"
212308,"Data Analyst","Anywhere","Full-time","60000.0","2023-10-10","El Buen Samaritano"
179907,"Data Analyst - Payroll Operations","Anywhere","Full-time","60000.0","2023-10-10","Get It Recruit - Information Technology"
697068,"Remote Data Analyst","Anywhere","Full-time","60000.0","2023-05-12","Kaye/Bassman International, Corp."
1009250,"Full-time / Financial Data Analyst (Remote)","Anywhere","Full-time","60000.0","2023-05-18","eStaffing Inc."
1431520,"Entry Level Data Analyst","Anywhere","Full-time","60000.0","2023-01-18","Jumpvine"
758435,"HR Data Analyst","Anywhere","Full-time","60000.0","2023-02-25","SHI International Corp."
333817,"Admissions & Recruitment Business Data Analyst (Hybrid-80% remote)","Anywhere","Full-time","60000.0","2023-12-07","University of North Texas Health Science Center"
1138427,"Data Science Analyst I","Anywhere","Full-time","60000.0","2023-07-24","Aflac, Incorporated"
163009,"Social Media Data Analyst","Anywhere","Full-time","60000.0","2023-08-20","Get It Recruit - Marketing"
143739,"Junior Data Analyst","Anywhere","Full-time","60000.0","2023-05-31","TalentKompass Deutschland"
1424729,"Atmospheric Scientist/Data Analyst","Anywhere","Full-time","60000.0","2023-03-23","BLUE STORM ASSOCIATES INC"
719006,"Data Analyst - Call Center","Anywhere","Full-time","59500.0","2023-12-22","Suncoast Credit Union"
1117967,"HR Data Analyst- REMOTE","Anywhere","Full-time","59000.0","2023-01-18","Ryder System"
489565,"HR Data Analyst- REMOTE","Anywhere","Full-time","59000.0","2023-01-04","Ryder System"
863378,"Remote Data Analyst Consultant","Anywhere","Full-time","58000.0","2023-02-07","Insight Global"
1091264,"Logistics Data Analyst (Remote Friendly)","Anywhere","Full-time","58000.0","2023-06-19","Webstaurant Store"
1635949,"Remote Data Analyst II","Anywhere","Full-time","57500.0","2023-10-23","Get It Recruit - Information Technology"
441975,"Data Analyst I","Anywhere","Full-time","57500.0","2023-11-20","FiberFirst"
785489,"Data Management Analyst- Remote","Anywhere","Full-time","57500.0","2023-09-28","Stafford Consulting Company, Inc."
346462,"Remote Data Analyst II","Anywhere","Full-time","57500.0","2023-10-26","The Difference Card"
739541,"Healthcare Data SAS Analyst I","Anywhere","Full-time","57300.0","2023-07-14","Ascendo Resources"
1598725,"Lead Data Analyst/Data Architect","Anywhere","Full-time","55500.0","2023-11-20","Get It Recruit - Information Technology"
837423,"CCBHC Data Analyst (Grant Funded Position)","Anywhere","Full-time","55000.0","2023-01-17","State of Georgia"
562116,"Environmental Data Analyst","Anywhere","Full-time","55000.0","2023-01-13","JARBO Employment Group"
486466,"Data Analyst - US Healthcare (REMOTE)","Anywhere","Full-time","54540.0","2023-05-08","WALGREENS"
198826,"Statistical Data Analyst (Buyer Engagement Strategist)","Anywhere","Full-time","53000.0","2023-08-21","University of South Florida"
1203514,"Data Analyst (Remote)","Anywhere","Full-time","52500.0","2023-01-14","Acosta, Inc."
902110,"Junior Data Analyst","Anywhere","Full-time","52500.0","2023-02-24","Phoenix Capital Group Holdings LLC"
667237,"E-Commerce Digital Analyst","Anywhere","Full-time","52500.0","2023-04-11","Fitsoftware OU"
74841,"Data Quality Analyst","Anywhere","Full-time","52500.0","2023-10-04","Get It Recruit - Information Technology"
862094,"Data Analyst","Anywhere","Full-time","52500.0","2023-05-12","Kaye/Bassman International"
1049427,"Data Analyst","Anywhere","Full-time","52000.0","2023-01-18","Spark451 Inc."
642310,"OPEN RANK: Qualitative Research Data Analyst or Senior Research...","Anywhere","Full-time","51500.0","2023-12-18","University of Maryland, Baltimore"
1073885,"Sr. Data Analyst","Anywhere","Full-time","51059.0","2023-01-23","Jacksonville"
44448,"Data Quality Analyst","Anywhere","Full-time","51000.0","2023-11-27","Get It Recruit - Information Technology"
1086455,"Data Analysis & Reporting Specialist","Anywhere","Full-time","50500.0","2023-12-14","Get It Recruit - Information Technology"
522407,"Data Analysis & Reporting Specialist","Anywhere","Full-time","50000.0","2023-10-29","Get It Recruit - Information Technology"
269335,"Data Analyst I - Healthcare Analytics","Anywhere","Full-time","50000.0","2023-05-30","Get It Recruit - Information Technology"
1278164,"Data Analyst","Anywhere","Full-time","50000.0","2023-12-16","Get It Recruit - Transportation"
1672776,"Data Entry Analyst","Anywhere","Full-time","50000.0","2023-09-21","Get It Recruit - Administrative"
587906,"Data Analyst","Anywhere","Full-time and Contractor","50000.0","2023-11-11","Makana Technologies"
1605573,"Clinical Data Analyst (Entry to Mid Level)","Anywhere","Full-time","48500.0","2023-08-24","Allied Technologies & Consulting"
1262617,"Financial Data Analyst","Anywhere","Full-time","47500.0","2023-10-10","Ali Awad Law, P.C."
42319,"Data Analyst","Anywhere","Full-time","47500.0","2023-01-25","Insight Global"
229128,"Data Analyst / Engineer","Anywhere","Contractor","47500.0","2023-01-19","Men's Health Clinic (MHC)"
1619146,"Data Analyst","Anywhere","Full-time","46500.0","2023-11-05","Get It Recruit - Administrative"
473213,"Data Analyst-Operations","Anywhere","Full-time","42500.0","2023-02-28","U.S. Wire and Cable Company/ Flexon Industries"
512966,"Ecommerce Business Analyst/Data Analyst with Good exp with SQL","Anywhere","Contractor","41000.0","2023-02-15","BayOne Solutions"
663127,"Data Quality Analyst (Fraud Prevention)","Anywhere","Full-time","40000.0","2023-10-26","owl.co"
994565,"Remote Data Analyst","Anywhere","Full-time","39000.0","2023-04-28","Get It Recruit - Administrative"
1349849,"Financial Data Analyst","Anywhere","Full-time","36000.0","2023-06-08","Get It Recruit - Information Technology"
1178688,"Data Analyst","Anywhere","Contractor","35000.0","2023-06-20","Jobmatchingpartner Ltd"
216489,"Research Scientist","Anywhere","Full-time","25000.0","2023-07-18","ED-Energy Storage & Distributed R"
